"Metric","Theoretical","Sample","Absolute_Error","Relative_Error_Pct"
"MTTF",5,6.77268806810616,1.77268806810616,35.4537613621232
"Median",2.07106781186548,2.27611555878135,0.205047746915872,9.90058103076687
"Variance",Inf,253.238774555577,NA,NA
"Std_Dev",Inf,15.9134777643222,NA,NA
